{
  "project_info": {
    "project_number": "5461058854",
    "project_id": "mkmkm-99851",
    "storage_bucket": "mkmkm-99851.appspot.com"
  },
  "client": [
    {
      "client_info": {
        "mobilesdk_app_id": "1:5461058854:android:2757385e42848105a60de7",
        "android_client_info": {
          "package_name": "com.example.shopmanager"
        }
      },
      "oauth_client": [
        {
          "client_id": "5461058854-fd2v1fqgcbpqmspb4jv97smtiah1ao4h.apps.googleusercontent.com",
          "client_type": 3
        }
      ],
      "api_key": [
        {
          "current_key": "AIzaSyCBf94IL6GXLoszhn_k2PP0SQyj1qSe3us"
        }
      ],
      "services": {
        "appinvite_service": {
          "other_platform_oauth_client": [
            {
              "client_id": "5461058854-fd2v1fqgcbpqmspb4jv97smtiah1ao4h.apps.googleusercontent.com",
              "client_type": 3
            }
          ]
        }
      }
    }
  ],
  "configuration_version": "1"
}